{
  "dataset_revision": "e698d1df52766d73ae1cc569dfc622527c329a08",
  "mteb_dataset_name": "SlovakSentimentClassification",
  "mteb_version": "1.6.12",
  "test": {
    "accuracy": 0.8901151631477926,
    "accuracy_stderr": 0.03920965070842921,
    "ap": 0.9757246283663126,
    "ap_stderr": 0.003779559343588429,
    "evaluation_time": 3.35,
    "f1": 0.8077821934978022,
    "f1_stderr": 0.04387143037024116,
    "main_score": 0.8901151631477926
  },
  "validation": {
    "accuracy": 0.874329501915709,
    "accuracy_stderr": 0.03811442180979582,
    "ap": 0.9698391898878536,
    "ap_stderr": 0.007010032834224373,
    "evaluation_time": 5.35,
    "f1": 0.7931401639298129,
    "f1_stderr": 0.03999319983762928,
    "main_score": 0.874329501915709
  }
}